Ürün Adı,Tarih,Fiyat,Rating,Description,Popularity
Ligone Melatonin 3 mg 90 Tablet,17.08.2024,"237,60 TL",,,
Ligone Melatonin 3 mg 90 Tablet,09.09.2024,"237,60 TL",,,
Ligone Melatonin 3 mg 90 Tablet,02.10.2024,"174,00 TL",,,
Ligone Melatonin 3 mg 90 Tablet,25.10.2024,"229,90 TL",,,
Ligone Melatonin 3 mg 90 Tablet,17.11.2024,"216,00 TL",,,
Ligone Melatonin 3 mg 90 Tablet,10.12.2024,"231,77 TL",,,
Ligone Melatonin 3 mg 90 Tablet,02.01.2025,"230,77 TL",,,
Ligone Melatonin 3 mg 90 Tablet,25.01.2025,"259,00 TL",,,
Ligone Melatonin 3 mg 90 Tablet,17.02.2025,"352,90 TL",,,
Ligone Melatonin 3 mg 90 Tablet,12.03.2025,"339,90 TL",,,
Ligone Melatonin 3 mg 90 Tablet,04.04.2025,"277,20 TL",,,
Ligone Melatonin 3 mg 90 Tablet,23.04.2025,"305,00 TL",,,
iPhone 15 128 GB,07.08.2024,"48.899,00 TL",,,
iPhone 15 128 GB,31.08.2024,"48.999,00 TL",,,
iPhone 15 128 GB,24.09.2024,"51.899,00 TL",,,
iPhone 15 128 GB,17.10.2024,"52.365,00 TL",,,
iPhone 15 128 GB,10.11.2024,"50.917,72 TL",,,
iPhone 15 128 GB,04.12.2024,"50.399,00 TL",,,
iPhone 15 128 GB,28.12.2024,"50.289,06 TL",,,
iPhone 15 128 GB,21.01.2025,"50.289,00 TL",,,
iPhone 15 128 GB,14.02.2025,"48.000,00 TL",,,
iPhone 15 128 GB,10.03.2025,"49.559,00 TL",,,
iPhone 15 128 GB,03.04.2025,"51.616,80 TL",,,
iPhone 15 128 GB,23.04.2025,"51.499,00 TL",,,
