Product Name ,Image,Description,Rating
G,a,r,a,n,t,i, ,T,i,p,i
D,a,h,i,l,i, ,H,a,f,ı,z,a
R,A,M, ,K,a,p,a,s,i,t,e,s,i
E,k,r,a,n, ,B,o,y,u,t,u
P,i,l, ,G,ü,c,ü, ,(,m,A,h,)
M,o,b,i,l, ,B,a,ğ,l,a,n,t,ı, ,H,ı,z,ı
Ö,n, ,K,a,m,e,r,a, ,Ç,ö,z,ü,n,ü,r,l,ü,ğ,ü
K,a,m,e,r,a, ,Ç,ö,z,ü,n,ü,r,l,ü,ğ,ü
C,e,p, ,T,e,l,e,f,o,n,u, ,M,o,d,e,l,i
Ö,n, ,K,a,m,e,r,a, ,S,a,y,ı,s,ı
E,k,r,a,n, ,Ç,ö,z,ü,n,ü,r,l,ü,ğ,ü
E,k,r,a,n, ,T,e,k,n,o,l,o,j,i,s,i
Ö,n, ,K,a,m,e,r,a, ,Ç,ö,z,ü,n,ü,r,l,ü,k, ,A,r,a,l,ı,ğ,ı
G,ö,r,ü,n,t,ü, ,T,e,k,n,o,l,o,j,i,s,i
A,n,a, ,K,a,m,e,r,a, ,F,l,a,ş
Ö,n, ,K,a,m,e,r,a, ,F,l,a,ş
E,k,r,a,n, ,C,i,n,s,i
A,r,k,a, ,K,a,m,e,r,a, ,S,a,y,ı,s,ı
E,k,r,a,n, ,B,o,y,u,t, ,A,r,a,l,ı,ğ,ı
İ,ş,l,e,t,i,m, ,S,i,s,t,e,m,i
Ç,i,f,t, ,H,a,t
K,a,b,l,o,s,u,z, ,Ş,a,r,j
Y,ü,z, ,T,a,n,ı,m,a
D,o,k,u,n,m,a,t,i,k, ,E,k,r,a,n
G,a,r,a,n,t,i, ,S,ü,r,e,s,i
Ş,a,r,j, ,G,i,r,i,ş,i
A,n,a, ,K,a,m,e,r,a, ,Ç,ö,z,ü,n,ü,r,l,ü,k, ,A,r,a,l,ı,ğ,ı
N,F,C
E,k,r,a,n, ,Y,e,n,i,l,e,m,e, ,H,ı,z,ı
K,u,l,a,k,l,ı,k, ,G,i,r,i,ş,i
V,i,d,e,o, ,K,a,y,ı,t, ,Ç,ö,z,ü,n,ü,r,l,ü,ğ,ü
Ş,a,r,j, ,H,ı,z,ı
A,r,t,t,ı,r,ı,l,a,b,i,l,i,r, ,H,a,f,ı,z,a, ,(,H,a,f,ı,z,a, ,K,a,r,t,ı, ,D,e,s,t,e,ğ,i,)
B,a,t,a,r,y,a, ,K,a,p,a,s,i,t,e,s,i, ,A,r,a,l,ı,ğ,ı
P,a,r,m,a,k, ,İ,z,i, ,O,k,u,y,u,c,u
S,u,y,a,/,T,o,z,a, ,D,a,y,a,n,ı,k,l,ı,l,ı,k
R,e,n,k
Y,a,p,a,y, ,Z,e,k,a
M,e,n,ş,e,i
