ProductID,ProductImage,ProductName
920038,https://resim.epey.com/reklam/1586_1312699179_ust.png?v=5,Samsung Galaxy S24 Ultra
966543,https://resim.epey.com/966543/b_xiaomi-15-ultra-2.png,Xiaomi 15 Ultra Cep Telefonu
968786,https://resim.epey.com/968786/b_honor-magic7-pro-11.png,Honor Magic7 Pro (PTP-N49) Cep Telefonu
960937,https://resim.epey.com/960937/b_vivo-x200-pro-1.png,Vivo X200 Pro Cep Telefonu
997423,https://resim.epey.com/997423/b_xiaomi-15-512gb-9.png,Xiaomi 15 512 GB Cep Telefonu
989052,https://resim.epey.com/989052/b_samsung-galaxy-s25-ultra-1tb-2.png,Samsung Galaxy S25 Ultra 1 TB Cep Telefonu
960861,https://resim.epey.com/960861/b_apple-iphone-16-pro-max-512gb-2.png,Apple iPhone 16 Pro Max 512 GB Cep Telefonu
960860,https://resim.epey.com/960860/b_apple-iphone-16-pro-1tb-2.png,Apple iPhone 16 Pro 1 TB Cep Telefonu
952387,https://resim.epey.com/952387/b_apple-iphone-16-pro-max-2.png,Apple iPhone 16 Pro Max 256 GB Cep Telefonu
923849,https://resim.epey.com/923849/b_xiaomi-14-ultra-6.png,Xiaomi 14 Ultra Cep Telefonu
939167,https://resim.epey.com/939167/b_samsung-galaxy-s25-ultra-2.png,Samsung Galaxy S25 Ultra (SM-S938B) Cep Telefonu
990388,https://resim.epey.com/990388/b_nubia-red-magic-10-pro-1tb-1.png,Nubia Red Magic 10 Pro 24 GB / 1 TB Cep Telefonu
960859,https://resim.epey.com/960859/b_apple-iphone-16-pro-512gb-2.png,Apple iPhone 16 Pro 512 GB Cep Telefonu
1001247,https://resim.epey.com/1001247/b_samsung-galaxy-s25-plus-2.png,Samsung Galaxy S25+ 512 GB Cep Telefonu
895854,https://resim.epey.com/895854/b_apple-iphone-15-pro-max-1tb-3.png,Apple iPhone 15 Pro Max 1 TB Cep Telefonu
960858,https://resim.epey.com/960858/b_apple-iphone-16-pro-256gb-2.png,Apple iPhone 16 Pro 256 GB Cep Telefonu
986720,https://resim.epey.com/986720/b_samsung-galaxy-s25-plus-2.png,Samsung Galaxy S25+ 256 GB (SM-S936B) Cep Telefonu
919068,https://resim.epey.com/919068/b_honor-magic6-pro-3.png,Honor Magic6 Pro (BVL-N49) Cep Telefonu
920039,https://resim.epey.com/920039/b_samsung-galaxy-s24-ultra-1tb-1.png,Samsung Galaxy S24 Ultra 1 TB (SM-S928B) Cep Telefonu
968598,https://resim.epey.com/968598/b_realme-gt-7-pro-2.png,realme GT7 Pro (RMX5011) Cep Telefonu
949523,https://resim.epey.com/949523/b_honor-magic-v3-10.png,Honor Magic V3 (FCP-N49) Cep Telefonu
963408,https://resim.epey.com/963408/b_xiaomi-14t-pro-1tb-3.png,Xiaomi 14T Pro 1 TB Cep Telefonu
904175,https://resim.epey.com/904175/b_vivo-x100-pro-14.png,Vivo X100 Pro Cep Telefonu
895853,https://resim.epey.com/895853/b_apple-iphone-15-pro-max-512gb-3.png,Apple iPhone 15 Pro Max 512 GB Cep Telefonu
952452,https://resim.epey.com/952452/b_apple-iphone-16-pro-2.png,Apple iPhone 16 Pro 128 GB Cep Telefonu
895857,https://resim.epey.com/895857/b_apple-iphone-15-pro-1tb-3.png,Apple iPhone 15 Pro 1 TB Cep Telefonu
894486,https://resim.epey.com/894486/b_apple-iphone-15-pro-max-3.png,Apple iPhone 15 Pro Max Cep Telefonu
902114,https://resim.epey.com/902114/b_xiaomi-14-3.png,Xiaomi 14 Cep Telefonu
920038,https://resim.epey.com/920038/b_samsung-galaxy-s24-ultra-512gb-1.png,Samsung Galaxy S24 Ultra 512 GB (SM-S928B) Cep Telefonu
963407,https://resim.epey.com/963407/b_xiaomi-14t-pro-512gb-3.png,Xiaomi 14T Pro 512 GB Cep Telefonu
989055,https://resim.epey.com/989055/b_samsung-galaxy-s25-256gb-2.png,Samsung Galaxy S25 256 GB Cep Telefonu
895856,https://resim.epey.com/895856/b_apple-iphone-15-pro-512gb-3.png,Apple iPhone 15 Pro 512 GB Cep Telefonu
993608,https://resim.epey.com/reklam/1581_2004999847_ust.png?v=5,Samsung Galaxy A36 5G
899642,https://resim.epey.com/899642/b_samsung-galaxy-s24-ultra-1.png,Samsung Galaxy S24 Ultra (SM-S928B) Cep Telefonu
950949,https://resim.epey.com/950949/b_xiaomi-14t-pro-3.png,Xiaomi 14T Pro 256 GB Cep Telefonu
895855,https://resim.epey.com/895855/b_apple-iphone-15-pro-256gb-3.png,Apple iPhone 15 Pro 256 GB Cep Telefonu
982344,https://resim.epey.com/982344/b_samsung-galaxy-s25-2.png,Samsung Galaxy S25 (SM-S931B) Cep Telefonu
960856,https://resim.epey.com/960856/b_apple-iphone-16-plus-512gb-2.png,Apple iPhone 16 Plus 512 GB Cep Telefonu
949040,https://resim.epey.com/949040/b_samsung-galaxy-z-fold6-1tb-2.png,Samsung Galaxy Z Fold6 1 TB (SM-F956B) Cep Telefonu
849758,https://resim.epey.com/849758/b_samsung-galaxy-s23-ultra-512gb-10.jpg,Samsung Galaxy S23 Ultra 12 GB / 512 GB (SM-S918B) Cep Telefonu
960855,https://resim.epey.com/960855/b_apple-iphone-16-plus-256gb-2.png,Apple iPhone 16 Plus 256 GB Cep Telefonu
886226,https://resim.epey.com/886226/b_apple-iphone-15-pro-3.png,Apple iPhone 15 Pro Cep Telefonu
899623,https://resim.epey.com/899623/b_samsung-galaxy-s24-plus-1.png,Samsung Galaxy S24+ (SM-S926B) Cep Telefonu
885130,https://resim.epey.com/885130/b_honor-magic-v2-13.png,Honor Magic V2 (VER-N49) Cep Telefonu
960854,https://resim.epey.com/960854/b_apple-iphone-16-512gb-2.png,Apple iPhone 16 512 GB Cep Telefonu
959953,https://resim.epey.com/959953/b_apple-iphone-16-plus-2.png,Apple iPhone 16 Plus 128 GB Cep Telefonu
947718,https://resim.epey.com/947718/b_samsung-galaxy-z-fold6-2.png,Samsung Galaxy Z Fold6 512 GB (SM-F956B) Cep Telefonu
960853,https://resim.epey.com/960853/b_apple-iphone-16-256gb-2.png,Apple iPhone 16 256 GB Cep Telefonu
840975,https://resim.epey.com/840975/b_samsung-galaxy-s23-ultra-10.jpg,Samsung Galaxy S23 Ultra (SM-S918B) Cep Telefonu
955563,https://resim.epey.com/955563/b_samsung-galaxy-z-fold6-2.png,Samsung Galaxy Z Fold6 256 GB Cep Telefonu
945305,https://resim.epey.com/945305/b_realme-gt-6-1.png,realme GT 6 16 GB / 512 GB (RMX3851) Cep Telefonu
841686,https://resim.epey.com/841686/b_oneplus-11-2.png,OnePlus 11 Cep Telefonu
963406,https://resim.epey.com/963406/b_xiaomi-14t-512gb-1.png,Xiaomi 14T 512 GB Cep Telefonu
884234,https://resim.epey.com/884234/b_samsung-galaxy-z-fold5-1tb-1.png,Samsung Galaxy Z Fold5 1 TB (SM-F956B) Cep Telefonu
941058,https://resim.epey.com/941058/b_honor-200-pro-13.png,Honor 200 Pro (ELP-NX9) Cep Telefonu
973688,https://resim.epey.com/973688/b_oppo-reno-13-pro-2.png,Oppo Reno 13 Pro 5G (CPH2697) Cep Telefonu
994887,https://resim.epey.com/994887/b_apple-iphone-16e-512gb-1.png,Apple iPhone 16e 512 GB Cep Telefonu
959779,https://resim.epey.com/959779/b_apple-iphone-16-2.png,Apple iPhone 16 128 GB Cep Telefonu
958540,https://resim.epey.com/958540/b_xiaomi-14t-1.png,Xiaomi 14T 256 GB Cep Telefonu
963088,https://resim.epey.com/963088/b_nubia-red-magic-9s-pro-512gb-2.png,Nubia Red Magic 9S Pro 16 GB / 512 GB Cep Telefonu
934802,https://resim.epey.com/934802/b_huawei-pura-70-ultra-18.png,Huawei Pura 70 Ultra (HBP-LX9) Cep Telefonu
890830,https://resim.epey.com/890830/b_xiaomi-13t-pro-5.png,Xiaomi 13T Pro Cep Telefonu
986894,https://resim.epey.com/986894/b_poco-x7-pro-512gb-2.png,Poco X7 Pro 12 GB / 512 GB Cep Telefonu
940913,https://resim.epey.com/940913/b_poco-f6-pro-1tb-1.png,Poco F6 Pro 16 GB / 1 TB Cep Telefonu
920038,https://resim.epey.com/reklam/1586_1312699179_ust.png?v=5,Samsung Galaxy S24 Ultra
949023,https://resim.epey.com/949023/b_samsung-galaxy-z-flip6-512gb-1.png,Samsung Galaxy Z Flip6 512 GB (SM-F741B) Cep Telefonu
994886,https://resim.epey.com/994886/b_apple-iphone-16e-256gb-1.png,Apple iPhone 16e 256 GB Cep Telefonu
884193,https://resim.epey.com/884193/b_samsung-galaxy-z-fold5-512gb-1.png,Samsung Galaxy Z Fold5 512 GB (SM-F956B) Cep Telefonu
920040,https://resim.epey.com/920040/b_samsung-galaxy-s24-256gb-2.png,Samsung Galaxy S24 256 GB (SM-S921B) Cep Telefonu
920916,https://resim.epey.com/920916/b_oneplus-12r-1.png,OnePlus 12R (CPH2609) Cep Telefonu
950765,https://resim.epey.com/950765/b_xiaomi-mix-flip-1.png,Xiaomi Mix Flip Cep Telefonu
895862,https://resim.epey.com/895862/b_apple-iphone-15-plus-512gb-2.png,Apple iPhone 15 Plus 512 GB Cep Telefonu
974267,https://resim.epey.com/974267/b_huawei-mate-x6-26.png,Huawei Mate X6 (ICL-LX9) Cep Telefonu
846314,https://resim.epey.com/846314/b_samsung-galaxy-s23-plus-1.png,Samsung Galaxy S23+ (SM-S916B) Cep Telefonu
971524,https://resim.epey.com/971524/b_realme-gt-6-256gb-1.png,realme GT 6 12 GB / 256 GB Cep Telefonu
961027,https://resim.epey.com/961027/b_tecno-phantom-v-fold2-1.png,Tecno Phantom V Fold2 Cep Telefonu
947563,https://resim.epey.com/947563/b_samsung-galaxy-z-flip-6-1.png,Samsung Galaxy Z Flip6 (SM-F741B) Cep Telefonu
934840,https://resim.epey.com/934840/b_huawei-pura-70-pro-16.png,Huawei Pura 70 Pro (HBN-LX9) Cep Telefonu
871836,https://resim.epey.com/871836/b_samsung-galaxy-z-fold5-1.png,Samsung Galaxy Z Fold5 (SM-F956B) Cep Telefonu
963426,https://resim.epey.com/963426/b_samsung-galaxy-s24-fe-256gb-1.png,Samsung Galaxy S24 FE 256 GB Cep Telefonu
994885,https://resim.epey.com/994885/b_apple-iphone-16e-1.png,Apple iPhone 16e Cep Telefonu
895858,https://resim.epey.com/895858/b_apple-iphone-15-plus-256gb-2.png,Apple iPhone 15 Plus 256 GB Cep Telefonu
947583,https://resim.epey.com/947583/b_nubia-red-magic-9s-pro-2.png,Nubia Red Magic 9S Pro 12 GB / 256 GB Cep Telefonu
899613,https://resim.epey.com/899613/b_samsung-galaxy-s24-2.png,Samsung Galaxy S24 (SM-S921B) Cep Telefonu
895867,https://resim.epey.com/895867/b_apple-iphone-15-512gb-1.png,Apple iPhone 15 512 GB Cep Telefonu
849760,https://resim.epey.com/849760/b_samsung-galaxy-s23-256gb-2.png,Samsung Galaxy S23 256 GB (SM-S911B) Cep Telefonu
858968,https://resim.epey.com/858968/b_huawei-p60-pro-19.png,Huawei P60 Pro (MNA-LX9) Cep Telefonu
944934,https://resim.epey.com/944934/b_samsung-galaxy-s24-fe-1.png,Samsung Galaxy S24 FE 128 GB (SM-S721B) Cep Telefonu
940912,https://resim.epey.com/940912/b_poco-f6-pro-512gb-1.png,Poco F6 Pro 12 GB / 512 GB Cep Telefonu
894506,https://resim.epey.com/894506/b_apple-iphone-15-plus-2.png,Apple iPhone 15 Plus Cep Telefonu
895863,https://resim.epey.com/895863/b_apple-iphone-15-256gb-1.png,Apple iPhone 15 256 GB Cep Telefonu
940647,https://resim.epey.com/940647/b_realme-gt-6t-1.png,realme GT 6T (RMX3853) Cep Telefonu
940908,https://resim.epey.com/940908/b_poco-f6-512gb-5.png,Poco F6 12 GB / 512 GB Cep Telefonu
845148,https://resim.epey.com/845148/b_samsung-galaxy-s23-2.png,Samsung Galaxy S23 (SM-S911B) Cep Telefonu
873950,https://resim.epey.com/873950/b_poco-f5-pro-512gb-1.png,Poco F5 Pro 512 GB Cep Telefonu
934779,https://resim.epey.com/934779/b_huawei-pura-70-15.png,Huawei Pura 70 (ADY-LX9) Cep Telefonu
960603,https://resim.epey.com/reklam/1549_1543172477_ust.jpg?v=5,Samsung Galaxy A16 5G
892246,https://resim.epey.com/892246/b_xiaomi-13t-1.png,Xiaomi 13T Cep Telefonu
886210,https://resim.epey.com/886210/b_apple-iphone-15-1.png,Apple iPhone 15 128 GB Cep Telefonu
884226,https://resim.epey.com/884226/b_samsung-galaxy-z-flip5-256gb-2.png,Samsung Galaxy Z Flip5 512 GB (SM-F731B) Cep Telefonu
919029,https://resim.epey.com/919029/b_poco-x6-pro-512gb-1.png,Poco X6 Pro 12 GB / 512 GB Cep Telefonu
871839,https://resim.epey.com/871839/b_samsung-galaxy-z-flip5-2.png,Samsung Galaxy Z Flip 5 256 GB (SM-F731B) Cep Telefonu
993997,https://resim.epey.com/993997/b_vivo-v50-2.png,Vivo V50 5G (V2427) Cep Telefonu
987058,https://resim.epey.com/987058/b_redmi-note-14-pro-plus-3.png,Redmi Note 14 Pro+ Cep Telefonu
899244,https://resim.epey.com/899244/b_samsung-galaxy-s23-fe-256gb-2.png,Samsung Galaxy S23 FE 256 GB Cep Telefonu
872854,https://resim.epey.com/872854/b_oneplus-nord-3-1.png,OnePlus Nord 3 (CPH2493) Cep Telefonu
945237,https://resim.epey.com/945237/b_vivo-v40-2.png,Vivo V40 Cep Telefonu
894903,https://resim.epey.com/894903/b_redmi-note-13-pro-plus-6.png,Redmi Note 13 Pro+ 5G Cep Telefonu
941065,https://resim.epey.com/941065/b_honor-200-1.png,Honor 200 12 GB / 512 GB (ELI-NX9) Cep Telefonu
987127,https://resim.epey.com/987127/b_redmi-note-14-pro-5g-1.png,Redmi Note 14 Pro 5G Cep Telefonu
872682,https://resim.epey.com/872682/b_samsung-galaxy-s23-fe-2.png,Samsung Galaxy S23 FE (SM-S711B) Cep Telefonu
986893,https://resim.epey.com/986893/b_poco-x7-512gb-1.png,Poco X7 12 GB / 512 GB Cep Telefonu
926315,https://resim.epey.com/926315/b_tecno-camon-30-pro-2.png,Tecno Camon 30 Pro (CL8) Cep Telefonu
894931,https://resim.epey.com/894931/b_redmi-note-13-pro-1.png,Redmi Note 13 Pro 5G 12 GB / 512 GB Cep Telefonu
942114,https://resim.epey.com/942114/b_realme-12-pro-plus-512gb-12.png,realme 12 Pro+ 12 GB / 512 GB (RMX3840) Cep Telefonu
846678,https://resim.epey.com/846678/b_poco-f5-1.png,Poco F5 Cep Telefonu
968061,https://resim.epey.com/968061/b_huawei-nova-13-pro-1.png,Huawei Nova 13 Pro 512 GB (MIS-LX9) Cep Telefonu
922717,https://resim.epey.com/922717/b_vivo-v30-4.png,Vivo V30 (V2318) Cep Telefonu
969507,https://resim.epey.com/969507/b_honor-200-256gb-1.png,Honor 200 8 GB / 256 GB Cep Telefonu
953612,https://resim.epey.com/953612/b_nothing-phone-2a-plus-1.png,Nothing Phone (2a) Plus Cep Telefonu
968448,https://resim.epey.com/968448/b_samsung-galaxy-a56-5g-4.png,Samsung Galaxy A56 5G 256 GB (SM-A566B) Cep Telefonu
951882,https://resim.epey.com/951882/b_poco-x6-2.png,Poco X6 5G 512 GB Cep Telefonu
1006492,https://resim.epey.com/1006492/b_huawei-nova-13-pro-1.png,Huawei Nova 13 Pro 256 GB Cep Telefonu
977394,https://resim.epey.com/977394/b_poco-x7-1.png,Poco X7 Cep Telefonu
931661,https://resim.epey.com/931661/b_samsung-galaxy-a55-5g-256gb-1.png,Samsung Galaxy A55 5G 256 GB Cep Telefonu
988496,https://resim.epey.com/988496/b_oppo-reno13-f-5g-1.png,Oppo Reno13 F 5G (CPH2699) Cep Telefonu
982813,https://resim.epey.com/982813/b_redmi-note-13-pro-5g-1.png,Redmi Note 13 Pro 5G 8 GB / 256 GB Cep Telefonu
917844,https://resim.epey.com/917844/b_poco-x6-5g-2.png,Poco X6 5G 256 GB Cep Telefonu
920038,https://resim.epey.com/reklam/1586_1312699179_ust.png?v=5,Samsung Galaxy S24 Ultra
921556,https://resim.epey.com/921556/b_realme-12-pro-plus-12.png,realme 12 Pro+ (RMX3840) Cep Telefonu
1001256,https://resim.epey.com/1001256/b_samsung-galaxy-a56-5g-4.png,Samsung Galaxy A56 5G 128 GB Cep Telefonu
988959,https://resim.epey.com/988959/b_honor-magic7-lite-20.png,Honor Magic7 Lite 512 GB Cep Telefonu
869958,https://resim.epey.com/869958/b_honor-90-3.png,Honor 90 (REA-NX9) Cep Telefonu
993608,https://resim.epey.com/993608/b_samsung-galaxy-a36-5g-3.png,Samsung Galaxy A36 5G 256 GB (SM-A366B) Cep Telefonu
917434,https://resim.epey.com/917434/b_samsung-galaxy-a55-1.png,Samsung Galaxy A55 5G (SM-A556E) Cep Telefonu
928172,https://resim.epey.com/928172/b_nothing-phone-2a-256gb-8.png,Nothing Phone (2a) 12 GB / 256 GB Cep Telefonu
858472,https://resim.epey.com/858472/b_samsung-galaxy-a54-5g-256gb-1.png,Samsung Galaxy A54 5G 256 GB Cep Telefonu
931647,https://resim.epey.com/931647/b_samsung-galaxy-a35-5g-256gb-8.png,Samsung Galaxy A35 5G 256 GB Cep Telefonu
988899,https://resim.epey.com/988899/b_redmi-note-14-pro-512gb-3.png,Redmi Note 14 Pro 12 GB / 512 GB Cep Telefonu
970469,https://resim.epey.com/970469/b_honor-magic7-lite-20.png,Honor Magic7 Lite (BRP-NX1M) Cep Telefonu
921549,https://resim.epey.com/921549/b_realme-12-pro-1.png,realme 12 Pro (RMX3842) Cep Telefonu
866303,https://resim.epey.com/866303/b_tecno-camon-20-premier-5g-7.png,Tecno Camon 20 Premier 5G (CK9n) Cep Telefonu
885237,https://resim.epey.com/885237/b_vivo-v29-5g-14.png,Vivo V29 5G Cep Telefonu
998274,https://resim.epey.com/998274/b_redmi-note-14s-2.png,Redmi Note 14S 12 GB / 512 GB Cep Telefonu
1001257,https://resim.epey.com/1001257/b_samsung-galaxy-a36-5g-3.png,Samsung Galaxy A36 5G 128 GB Cep Telefonu
920647,https://resim.epey.com/920647/b_redmi-note-13-pro-512gb-5.png,Redmi Note 13 Pro 12 GB / 512 GB Cep Telefonu
869283,https://resim.epey.com/869283/b_samsung-galaxy-a34-256gb-2.png,Samsung Galaxy A34 5G 8 GB / 256 GB Cep Telefonu
923487,https://resim.epey.com/923487/b_oppo-reno11-f-5g-6.png,Oppo Reno11 F 5G (CPH2603) Cep Telefonu
866670,https://resim.epey.com/866670/b_realme-11-pro-plus-1.png,realme 11 Pro+ 512 GB (RMX3741) Cep Telefonu
844335,https://resim.epey.com/844335/b_samsung-galaxy-a54-1.png,Samsung Galaxy A54 5G 128 GB (SM-A546E) Cep Telefonu
917882,https://resim.epey.com/917882/b_samsung-galaxy-a35-8.png,Samsung Galaxy A35 5G (SM-A356E) Cep Telefonu
961043,https://resim.epey.com/961043/b_tecno-phantom-v-flip2-7.png,Tecno Phantom V Flip2 Cep Telefonu
917822,https://resim.epey.com/917822/b_poco-m6-pro-4g-3.png,Poco M6 Pro Cep Telefonu
925928,https://resim.epey.com/925928/b_tecno-pova-6-pro-2.png,Tecno Pova 6 Pro (LI9) Cep Telefonu
926297,https://resim.epey.com/926297/b_tecno-camon-30-5g-2.png,Tecno Camon 30 5G (CL7) Cep Telefonu
966570,https://resim.epey.com/966570/b_redmi-note-14-pro-4g-3.png,Redmi Note 14 Pro 8 GB / 256 GB Cep Telefonu
844696,https://resim.epey.com/844696/b_samsung-galaxy-a34-2.png,Samsung Galaxy A34 5G 8 GB / 128 GB (SM-A346E) Cep Telefonu
925034,https://resim.epey.com/925034/b_realme-12-plus-10.png,realme 12+ (RMX3867) Cep Telefonu
1000883,https://resim.epey.com/1000883/b_samsung-galaxy-a26-5g-256gb-1.png,Samsung Galaxy A26 5G 8 GB / 256 GB Cep Telefonu
975822,https://resim.epey.com/975822/b_poco-m7-pro-5g-1.png,Poco M7 Pro 5G Cep Telefonu
960603,https://resim.epey.com/reklam/1549_1543172477_ust.jpg?v=5,Samsung Galaxy A16 5G
925141,https://resim.epey.com/925141/b_nothing-phone-2a-8.png,Nothing Phone (2a) Cep Telefonu
896137,https://resim.epey.com/896137/b_tecno-phantom-v-flip-5g-5.png,Tecno Phantom V Flip 5G (AD11) Cep Telefonu
933411,https://resim.epey.com/933411/b_tecno-pova-6-1.png,Tecno Pova 6 (LI7) Cep Telefonu
917862,https://resim.epey.com/917862/b_redmi-note-13-pro-4g-5.png,Redmi Note 13 Pro Cep Telefonu
962061,https://resim.epey.com/962061/b_reeder-s71-1.png,Reeder S71 Cep Telefonu
968077,https://resim.epey.com/968077/b_huawei-nova-13-2.png,Huawei Nova 13 (BLK-LX9) Cep Telefonu
901621,https://resim.epey.com/901621/b_honor-x9b-1.png,Honor X9b (ALI-NX1) Cep Telefonu
850785,https://resim.epey.com/850785/b_xiaomi-13-lite-9.png,Xiaomi 13 Lite Cep Telefonu
863026,https://resim.epey.com/863026/b_huawei-nova-11-pro-10.png,Huawei Nova 11 Pro (GOA-LX9) Cep Telefonu
993667,https://resim.epey.com/993667/b_samsung-galaxy-a26-5g-1.png,Samsung Galaxy A26 5G 6 GB / 128 GB (SM-A266B) Cep Telefonu
942645,https://resim.epey.com/942645/b_tecno-camon-30-12gb-1.png,Tecno Camon 30 12 GB (CL6) Cep Telefonu
863003,https://resim.epey.com/863003/b_huawei-nova-11-20.png,Huawei Nova 11 (GOA-LX9) Cep Telefonu
859071,https://resim.epey.com/859071/b_redmi-note-12-pro-4g-8.png,Redmi Note 12 Pro Cep Telefonu
988512,https://resim.epey.com/988512/b_oppo-reno13-f-1.png,Oppo Reno13 F (CPH2701) Cep Telefonu
930524,https://resim.epey.com/930524/b_huawei-nova-12s-4.png,Huawei Nova 12s (FOA-LX9) Cep Telefonu
918686,https://resim.epey.com/918686/b_samsung-galaxy-a25-5g-256gb-5.png,Samsung Galaxy A25 5G 8 GB / 256 GB Cep Telefonu
866686,https://resim.epey.com/866686/b_realme-11-pro-1.png,realme 11 Pro (RMX3771) Cep Telefonu
926288,https://resim.epey.com/926288/b_tecno-camon-30-2.png,Tecno Camon 30 (CL6) Cep Telefonu
988896,https://resim.epey.com/988896/b_redmi-note-14-256gb-6.png,Redmi Note 14 256 GB Cep Telefonu
930162,https://resim.epey.com/930162/b_infinix-note-40-4.png,Infinix Note 40 (X6853) Cep Telefonu
877145,https://resim.epey.com/877145/b_samsung-galaxy-m34-5g-4.png,Samsung Galaxy M34 5G (SM-M346B2/DS) Cep Telefonu
889975,https://resim.epey.com/889975/b_general-mobile-phoenix-5g-7.png,General Mobile GM Phoneix 5G (G901) Cep Telefonu
900052,https://resim.epey.com/900052/b_infinix-zero-30-4g-2.png,Infinix Zero 30 4G (X6731B) Cep Telefonu
996976,https://resim.epey.com/996976/b_vivo-v50-lite-3.png,Vivo V50 Lite (V2441) Cep Telefonu
969608,https://resim.epey.com/969608/b_realme-12-4g-512gb-3.png,realme 12 4G 512 GB (RMX3871) Cep Telefonu
849549,https://resim.epey.com/849549/b_poco-x5-5g-2.png,Poco X5 5G Cep Telefonu
894217,https://resim.epey.com/894217/b_samsung-galaxy-a25-5g-5.png,Samsung Galaxy A25 5G (SM-A256E) Cep Telefonu
917006,https://resim.epey.com/917006/b_tecno-spark-20-pro-plus-1.png,Tecno Spark 20 Pro+ (KJ7) Cep Telefonu
917866,https://resim.epey.com/917866/b_redmi-note-13-4g-5.png,Redmi Note 13 Cep Telefonu
866322,https://resim.epey.com/866322/b_tecno-camon-20-pro-24.png,Tecno Camon 20 Pro (CK7n) Cep Telefonu
962973,https://resim.epey.com/962973/b_oppo-reno11-fs-4.png,Oppo Reno11 FS (CPH2687) Cep Telefonu
960603,https://resim.epey.com/reklam/1549_1543172477_ust.jpg?v=5,Samsung Galaxy A16 5G
871307,https://resim.epey.com/871307/b_vivo-v29-lite-11.png,Vivo V29 Lite 5G Cep Telefonu
982235,https://resim.epey.com/982235/b_redmi-note-14-4g-6.png,Redmi Note 14 Cep Telefonu
962639,https://resim.epey.com/962639/b_tecno-spark-30-pro-1.png,Tecno Spark 30 Pro (KL7) Cep Telefonu
926483,https://resim.epey.com/926483/b_tecno-spark-20-pro-12gb-1.png,Tecno Spark 20 Pro 12 GB (KJ6) Cep Telefonu
946628,https://resim.epey.com/946628/b_realme-12-4g-3.png,realme 12 4G 256 GB (RMX3871) Cep Telefonu
965189,https://resim.epey.com/965189/b_infinix-hot-50-pro-plus-1.png,Infinix Hot 50 Pro+ (X6880) Cep Telefonu
885247,https://resim.epey.com/885247/b_tecno-pova-5-pro-2.png,Tecno Pova 5 Pro Cep Telefonu
963194,https://resim.epey.com/963194/b_vivo-v40-lite-4g-6.png,Vivo V40 Lite Cep Telefonu
871791,https://resim.epey.com/871791/b_infinix-note-30-256gb-4.png,Infinix Note 30 256 GB (X6833B) Cep Telefonu
875666,https://resim.epey.com/875666/b_tecno-pova-5-2.png,Tecno Pova 5 (LH7n) Cep Telefonu
913942,https://resim.epey.com/913942/b_tecno-spark-20-pro-1.png,Tecno Spark 20 Pro 8 GB (KJ6) Cep Telefonu
859458,https://resim.epey.com/859458/b_oneplus-nord-ce-3-lite-1.png,OnePlus Nord CE 3 Lite (CPH2465) Cep Telefonu
889977,https://resim.epey.com/889977/b_general-mobile-gm-24-pro-14.png,General Mobile GM 24 Pro (G514) Cep Telefonu
960603,https://resim.epey.com/960603/b_samsung-galaxy-a16-5g-6.png,Samsung Galaxy A16 5G (SM-A166B) Cep Telefonu
933491,https://resim.epey.com/933491/b_vivo-v30-lite-12.png,Vivo V30 Lite Cep Telefonu
859061,https://resim.epey.com/859061/b_redmi-note-12s-1.png,Redmi Note 12S Cep Telefonu
884833,https://resim.epey.com/884833/b_realme-11-4g-4.png,realme 11 4G 256 GB (RMX3636) Cep Telefonu
910129,https://resim.epey.com/910129/b_infinix-hot-40-pro-1.png,Infinix Hot 40 Pro 256 GB (X6837) Cep Telefonu
868717,https://resim.epey.com/868717/b_infinix-note-30-4.png,Infinix Note 30 128 GB (X6833B) Cep Telefonu
866331,https://resim.epey.com/866331/b_tecno-camon-20-10.png,Tecno Camon 20 (CK6n) Cep Telefonu
974759,https://resim.epey.com/974759/b_samsung-galaxy-a16-256gb-5.png,Samsung Galaxy A16 8 GB / 256 GB Cep Telefonu
918685,https://resim.epey.com/918685/b_samsung-galaxy-a15-256gb-5.png,Samsung Galaxy A15 8 GB / 256 GB Cep Telefonu
926952,https://resim.epey.com/926952/b_samsung-galaxy-m15-2.png,Samsung Galaxy M15 5G (SM-M156B) Cep Telefonu
996753,https://resim.epey.com/996753/b_realme-c75-256gb-1.png,realme C75 256 GB Cep Telefonu
999631,https://resim.epey.com/999631/b_vivo-y29-1.png,Vivo Y29 (V2434) Cep Telefonu
895739,https://resim.epey.com/895739/b_redmi-note-12-8gb-6.png,Redmi Note 12 8 GB Cep Telefonu
931770,https://resim.epey.com/931770/b_realme-11-4g-128gb-4.png,realme 11 4G 128 GB (RMX3636) Cep Telefonu
972395,https://resim.epey.com/972395/b_infinix-hot-40-pro-128gb-1.png,Infinix Hot 40 Pro 128 GB Cep Telefonu
962622,https://resim.epey.com/962622/b_tecno-spark-30-1.png,Tecno Spark 30 256 GB (KL6) Cep Telefonu
845864,https://resim.epey.com/845864/b_samsung-galaxy-a24-2.png,Samsung Galaxy A24 (SM-A245F) Cep Telefonu
930523,https://resim.epey.com/930523/b_huawei-nova-12-se-2.png,Huawei Nova 12 SE (BNE-LX1) Cep Telefonu
920038,https://resim.epey.com/reklam/1586_1312699179_ust.png?v=5,Samsung Galaxy S24 Ultra
854787,https://resim.epey.com/854787/b_redmi-note-12-6.png,Redmi Note 12 6 GB Cep Telefonu
937633,https://resim.epey.com/937633/b_realme-12-lite-256gb-2.png,realme 12 Lite 8 GB / 256 GB Cep Telefonu
974572,https://resim.epey.com/974572/b_realme-c75-1.png,realme C75 (RMX3941) Cep Telefonu
849371,https://resim.epey.com/849371/b_samsung-galaxy-m14-5g-3.png,Samsung Galaxy M14 5G 128 GB (SM-M146B) Cep Telefonu
875692,https://resim.epey.com/875692/b_vivo-y36-256gb-11.png,Vivo Y36 256 GB Cep Telefonu
974879,https://resim.epey.com/974879/b_samsung-galaxy-a16-6gb-1.png,Samsung Galaxy A16 6 GB / 128 GB Cep Telefonu
918684,https://resim.epey.com/918684/b_samsung-galaxy-a15-6gb-5.png,Samsung Galaxy A15 6 GB / 128 GB Cep Telefonu
922769,https://resim.epey.com/922769/b_omix-x7-4.png,Omix X7 Cep Telefonu
860896,https://resim.epey.com/860896/b_infinix-hot-30-1.png,Infinix Hot 30 8 GB / 256 GB (X6831) Cep Telefonu
943988,https://resim.epey.com/943988/b_vivo-y28-16.png,Vivo Y28 256 GB Cep Telefonu
914659,https://resim.epey.com/914659/b_casper-via-a40-4.png,Casper VIA A40 Cep Telefonu
940469,https://resim.epey.com/940469/b_redmi-13-2.png,Redmi 13 Cep Telefonu
992006,https://resim.epey.com/992006/b_tecno-spark-30-1.png,Tecno Spark 30 128 GB (KL6) Cep Telefonu
964530,https://resim.epey.com/964530/b_samsung-galaxy-a16-5.png,Samsung Galaxy A16 4 GB / 128 GB (SM-A165F) Cep Telefonu
905317,https://resim.epey.com/905317/b_samsung-galaxy-a15-5.png,Samsung Galaxy A15 4 GB / 128 GB (SM-A155F) Cep Telefonu
955936,https://resim.epey.com/955936/b_oppo-a60-256gb-5.png,Oppo A60 256 GB (CPH2631) Cep Telefonu
931820,https://resim.epey.com/931820/b_tecno-spark-20-256gb-1.png,Tecno Spark 20 256 GB (KJ5n) Cep Telefonu
868547,https://resim.epey.com/868547/b_huawei-nova-y91-1.png,Huawei Nova Y91 (STG-LX1) Cep Telefonu
854494,https://resim.epey.com/854494/b_tecno-spark-10-pro-1.png,Tecno Spark 10 Pro 256 GB Cep Telefonu
869013,https://resim.epey.com/869013/b_vivo-y36-13.png,Vivo Y36 128 GB Cep Telefonu
993952,https://resim.epey.com/993952/b_redmi-12-1.png,Redmi 12 8 GB / 256 GB Cep Telefonu
932800,https://resim.epey.com/932800/b_realme-12-lite-2.png,realme 12 Lite 6 GB / 128 GB (RMX3890) Cep Telefonu
971493,https://resim.epey.com/971493/b_vivo-y28-128gb-16.png,Vivo Y28 128 GB Cep Telefonu
959882,https://resim.epey.com/959882/b_tecno-spark-30c-1.png,Tecno Spark 30C 8 GB / 256 GB (KL5n) Cep Telefonu
963955,https://resim.epey.com/963955/b_nubia-neo-5g-1.png,Nubia Neo 5G (8150N) Cep Telefonu
870708,https://resim.epey.com/870708/b_realme-c55-256gb-1.png,realme C55 8 GB / 256 GB (RMX3710) Cep Telefonu
863662,https://resim.epey.com/863662/b_samsung-galaxy-m14-5g-3.png,Samsung Galaxy M14 5G 64 GB Cep Telefonu
936438,https://resim.epey.com/936438/b_oppo-a60-5.png,Oppo A60 128 GB (CPH2631) Cep Telefonu
909047,https://resim.epey.com/909047/b_tecno-spark-20-1.png,Tecno Spark 20 128 GB (KJ5n) Cep Telefonu
871707,https://resim.epey.com/871707/b_tecno-spark-10-pro-256gb-1.png,Tecno Spark 10 Pro 128 GB Cep Telefonu
899409,https://resim.epey.com/899409/b_redmi-12-8gb-1.png,Redmi 12 8 GB / 128 GB Cep Telefonu
960603,https://resim.epey.com/reklam/1549_1543172477_ust.jpg?v=5,Samsung Galaxy A16 5G
972399,https://resim.epey.com/972399/b_vivo-y19s-256gb-1.png,Vivo Y19s 8 GB / 256 GB Cep Telefonu
963954,https://resim.epey.com/963954/b_nubia-v50-design-1.png,Nubia V50 Design Cep Telefonu
903996,https://resim.epey.com/903996/b_poco-c65-1.png,Poco C65 Cep Telefonu
965165,https://resim.epey.com/965165/b_infinix-hot-50i-1.png,Infinix Hot 50i 6 GB / 128 GB (X6531B) Cep Telefonu
854255,https://resim.epey.com/854255/b_realme-c55-1.png,realme C55 6 GB / 128 GB Cep Telefonu
869443,https://resim.epey.com/869443/b_redmi-12-1.png,Redmi 12 Cep Telefonu
973769,https://resim.epey.com/973769/b_realme-c63-1.png,realme C63 8 GB / 256 GB (RMX3939) Cep Telefonu
930525,https://resim.epey.com/930525/b_huawei-nova-12i-1.png,Huawei Nova 12i (CTR-L81) Cep Telefonu
957912,https://resim.epey.com/957912/b_realme-c65-3.png,realme C65 8 GB Cep Telefonu
908067,https://resim.epey.com/908067/b_infinix-hot-40i-nfc-1.png,Infinix Hot 40i (X6528B) Cep Telefonu
896697,https://resim.epey.com/896697/b_samsung-galaxy-a05s-1.png,Samsung Galaxy A05s (SM-A057F) Cep Telefonu
897703,https://resim.epey.com/897703/b_redmi-13c-11.png,Redmi 13C 8 GB / 256 GB Cep Telefonu
946770,https://resim.epey.com/946770/b_vivo-y18-256gb-6.png,Vivo Y18 8 GB / 256 GB (V2333) Cep Telefonu
970850,https://resim.epey.com/970850/b_redmi-14c-256gb-2.png,Redmi 14C 8 GB / 256 GB Cep Telefonu
932816,https://resim.epey.com/932816/b_realme-c65-3.png,realme C65 6 GB (RMX3910) Cep Telefonu
965945,https://resim.epey.com/965945/b_oppo-a3-1.png,Oppo A3 (CPH2669) Cep Telefonu
958567,https://resim.epey.com/958567/b_realme-c61-10.png,realme C61 8 GB / 256 GB (RMX3930) Cep Telefonu
940404,https://resim.epey.com/940404/b_realme-c53-256gb-2.png,realme C53 8 GB / 256 GB Cep Telefonu
937550,https://resim.epey.com/937550/b_vivo-y18-6.png,Vivo Y18 8 GB / 128 GB (V2333) Cep Telefonu
856980,https://resim.epey.com/856980/b_samsung-galaxy-a14-128gb-6.png,Samsung Galaxy A14 128 GB Cep Telefonu
907051,https://resim.epey.com/907051/b_tecno-spark-20c-1.png,Tecno Spark 20C 8 GB / 128 GB (BG7n) Cep Telefonu
936673,https://resim.epey.com/936673/b_redmi-13c-11.png,Redmi 13C 6 GB / 128 GB Cep Telefonu
898351,https://resim.epey.com/898351/b_tecno-spark-10-8gb-4.png,Tecno Spark 10 8 GB (KI5q) Cep Telefonu
892342,https://resim.epey.com/892342/b_oppo-a38-6.png,Oppo A38 (CPH2579) Cep Telefonu
958492,https://resim.epey.com/958492/b_redmi-14c-2.png,Redmi 14C 6 GB / 128 GB Cep Telefonu
900749,https://resim.epey.com/900749/b_vivo-y17s-6gb-4.png,Vivo Y17s 6 GB Cep Telefonu
946988,https://resim.epey.com/946988/b_realme-c61-10.png,realme C61 6 GB / 128 GB (RMX3930) Cep Telefonu
859745,https://resim.epey.com/859745/b_tecno-spark-10-4.png,Tecno Spark 10 4 GB (KI5q) Cep Telefonu
895495,https://resim.epey.com/895495/b_vivo-y17s-2.png,Vivo Y17s 4 GB Cep Telefonu
859751,https://resim.epey.com/859751/b_tecno-spark-10c-4.png,Tecno Spark 10C (KI5k) Cep Telefonu
825623,https://resim.epey.com/825623/b_samsung-galaxy-a14-6.png,Samsung Galaxy A14 64 GB (SM-A145F) Cep Telefonu
993608,https://resim.epey.com/reklam/1581_2004999847_ust.png?v=5,Samsung Galaxy A36 5G
918625,https://resim.epey.com/918625/b_samsung-galaxy-a05-128gb-1.png,Samsung Galaxy A05 128 GB Cep Telefonu
933546,https://resim.epey.com/933546/b_infinix-smart-8-pro-8gb-3.png,Infinix Smart 8 Pro 8 GB Cep Telefonu
859340,https://resim.epey.com/859340/b_infinix-hot-30i-1.png,Infinix Hot 30i (X669) Cep Telefonu
939142,https://resim.epey.com/939142/b_infinix-hot-30i-asya-1.png,Infinix Hot 30i 4 GB / 128 GB Cep Telefonu
863928,https://resim.epey.com/863928/b_general-mobile-gm-23-9.png,General Mobile GM 23 (G316) Cep Telefonu
892993,https://resim.epey.com/892993/b_samsung-galaxy-a05-1.png,Samsung Galaxy A05 64 GB (SM-A055F) Cep Telefonu
844378,https://resim.epey.com/844378/b_redmi-12c-1.png,Redmi 12C 128 GB Cep Telefonu
885478,https://resim.epey.com/885478/b_infinix-hot-30i-asya-1.png,Infinix Hot 30i 4 GB / 64 GB (X669C) Cep Telefonu
1007343,https://resim.epey.com/1007343/b_honor-400-pro-2.png,Honor 400 Pro (DNP-NX9) Cep Telefonu
1006725,https://resim.epey.com/1006725/b_honor-400-8.png,Honor 400 8 GB (DNY-NX9) Cep Telefonu
1013014,https://resim.epey.com/1013014/b_honor-400-12-256gb-8.png,Honor 400 12 GB (DNY-NX9) Cep Telefonu
1008074,https://resim.epey.com/1008074/b_samsung-galaxy-s25-edge-512gb-1.png,Samsung Galaxy S25 Edge 512 GB (SM-S937B) Cep Telefonu
983834,https://resim.epey.com/983834/b_samsung-galaxy-s25-edge-1.png,Samsung Galaxy S25 Edge (SM-S937B) Cep Telefonu
1004721,https://resim.epey.com/1004721/b_infinix-hot-50-256gb-1.png,Infinix Hot 50 8 GB / 256 GB Cep Telefonu
999318,https://resim.epey.com/999318/b_oppo-a5-pro-4g-3.png,Oppo A5 Pro Cep Telefonu
1007990,https://resim.epey.com/1007990/b_infinix-hot-50-6-256gb-1.png,Infinix Hot 50 6 GB / 256 GB Cep Telefonu
963903,https://resim.epey.com/963903/b_infinix-hot-50-1.png,Infinix Hot 50 8 GB / 128 GB (X6882) Cep Telefonu
953989,https://resim.epey.com/953989/b_general-mobile-era-50-256gb-1.png,General Mobile Era 50 256 GB Cep Telefonu
953981,https://resim.epey.com/953981/b_general-mobile-era-50-1.png,General Mobile Era 50 128 GB Cep Telefonu
955429,https://resim.epey.com/955429/b_mipo-m59-1.png,Mipo M59 Cep Telefonu
941524,https://resim.epey.com/941524/b_zte-nubia-focus-5g-1.png,ZTE nubia Focus 5G Cep Telefonu
936131,https://resim.epey.com/936131/b_ovion-v20-pro-1.png,Ovion V20 Pro Cep Telefonu
925999,https://resim.epey.com/925999/b_reeder-s19-max-pro-s-edge-2.png,Reeder S19 Max Pro S Edge Cep Telefonu
921063,https://resim.epey.com/921063/b_casper-via-x40-2.png,Casper VIA X40 Cep Telefonu
986554,https://resim.epey.com/986554/b_infinix-note-12-pro-1.png,Infinix Note 12 Pro 4G Cep Telefonu
909684,https://resim.epey.com/909684/b_redmi-13c-5g-1.png,Redmi 13C 5G 4 GB Cep Telefonu
909734,https://resim.epey.com/909734/b_mipo-m33-1.png,Mipo M33 Cep Telefonu
913941,https://resim.epey.com/913941/b_reeder-s23-pro-max-512gb-7.png,Reeder S23 Pro Max 8 GB / 512 GB Cep Telefonu
882598,https://resim.epey.com/882598/b_hiking-a30-1.png,Hiking A30 Cep Telefonu
862951,https://resim.epey.com/862951/b_xiaomi-13-ultra-2.png,Xiaomi 13 Ultra 12 GB / 256 GB Cep Telefonu
856727,https://resim.epey.com/856727/b_casper-via-x30-plus-1.png,Casper VIA X30 Plus Cep Telefonu
993608,https://resim.epey.com/reklam/1581_2004999847_ust.png?v=5,Samsung Galaxy A36 5G
856728,https://resim.epey.com/856728/b_casper-via-x30-1.png,Casper VIA X30 Cep Telefonu
861807,https://resim.epey.com/861807/b_hiking-a42-1.png,Hiking A42 Cep Telefonu
859293,https://resim.epey.com/859293/b_trident-a55-1.png,Trident A55 Cep Telefonu
